Tanggal,Kegiatan,Pemateri,Paparan,File
16 November 2021,"FGD ""Hub & Spoke Untuk Menunjang Tol Laut""",Wihana Kirana Jaya,Pembahas - Wihana Kirana Jaya,https://balitbanghub.dephub.go.id/file/616
16 November 2021,"FGD ""Hub & Spoke Untuk Menunjang Tol Laut""",Rudy Sangian,INTEGRASI POLA HUB & SPOKE DALAM PENYELENGGARAAN TOL LAUT 2022 - Rudy Sangian,https://balitbanghub.dephub.go.id/file/614
16 November 2021,"FGD ""Hub & Spoke Untuk Menunjang Tol Laut""",R.O. Saut Gurning,Evaluasi Penerapan Hub and Spoke Dalam Penyelenggaraan Tol Laut-R.O. Saut Gurning,https://balitbanghub.dephub.go.id/file/617
16 November 2021,"FGD ""Hub & Spoke Untuk Menunjang Tol Laut""",PROF. NUR YUWONO,EVALUASI DAN OPTIMASI PENYELENGGARAAN TOL LAUT PADA MASA YANG AKAN DATANG - PROF. NUR YUWONO,https://balitbanghub.dephub.go.id/file/615
13 Agustus 2021,"FGD ""Meneropong Undang - Undang Transportasi dalam Menghadapi Tantangan Saat Ini""",SUGIYANTO,Urgensi Undang-Undang Sistem Transportasi Nasional,https://balitbanghub.dephub.go.id/file/605
13 Agustus 2021,"FGD ""Meneropong Undang - Undang Transportasi dalam Menghadapi Tantangan Saat Ini""",Badan Penelitian dan Pengembangan Perhubungan,Undang - Undang Transportasi Dalam Menghadapi Tantangan Saat Ini,https://balitbanghub.dephub.go.id/file/606
13 Agustus 2021,"FGD ""Meneropong Undang - Undang Transportasi dalam Menghadapi Tantangan Saat Ini""","Dr. Ir. GUNUNG HUTAPEA, M.M",Undang - Undang 17 Tahun 2008 Tentang Pelayaran Menghadapi Tantangan Saat Ini,https://balitbanghub.dephub.go.id/file/603
13 Agustus 2021,"FGD ""Meneropong Undang - Undang Transportasi dalam Menghadapi Tantangan Saat Ini""","Capt. Novyanto Widadi, S.AP., M.M. Kepala Pusat Penelitian dan Pengembangan Transportasi Udara",Regulasi Dalam Sudut Pandang Sektor Transportasi Udara,https://balitbanghub.dephub.go.id/file/607
13 Agustus 2021,"FGD ""Meneropong Undang - Undang Transportasi dalam Menghadapi Tantangan Saat Ini""",Puslitbang Transportasi Jalan & Perkeretaapian,Meneropong Undang - Undang Transportasi Dalam Menghadapi Tantangan Saat ini,https://balitbanghub.dephub.go.id/file/604
29 Juli 2021,"Webinar ""Green Logistic Partnership Conference""","Ministry of the Environment, Japan",JCM (Joint Crediting Mechanism) Introduction of Decarbonizing Technologies,https://balitbanghub.dephub.go.id/file/599
29 Juli 2021,"Webinar ""Green Logistic Partnership Conference""","Policy Bureau, Ministry of Land, Infrastructure, Transport and Tourism",Green Logistics Policies for Sustainable Development in Japan,https://balitbanghub.dephub.go.id/file/600
29 Juli 2021,"Webinar ""Green Logistic Partnership Conference""","YUKKI NUGRAHAWAN HANAFI, Ketua Umum DPP ALFI / ILFA KUNCORO HARTO WIDODO, Kepala Kompartemen Penelitian & Pengembangan DPP ALFI/IL FA",Green Logistics Implementation In Indonesia “ Opportunities and Challenges “,https://balitbanghub.dephub.go.id/file/602
29 Juli 2021,"Webinar ""Green Logistic Partnership Conference""","MINISTRY OF TRANSPORTATION, INDONESIA",GREEN LOGISTIC POLICY IN INDONESIA: The Development and its current condition,https://balitbanghub.dephub.go.id/file/601
25 Mei 2021,Webinar “Sistem Transportasi Cerdas Di Ibu Kota Negara: Pembangunan dan Kebutuhan Penerapannya”,"Prof. Dr. Ir. Agus Taufik Mulyono, MT., IPU., ASEAN Eng",Sistem Transportasi Cerdas Di Ibu Kota Negara (IKN),https://balitbanghub.dephub.go.id/file/530
25 Mei 2021,Webinar “Sistem Transportasi Cerdas Di Ibu Kota Negara: Pembangunan dan Kebutuhan Penerapannya”,Deputi Bidang Pengembangan Regional,Rencana Pemindahan Ibu Kota Negara,https://balitbanghub.dephub.go.id/file/529
25 Mei 2021,Webinar “Sistem Transportasi Cerdas Di Ibu Kota Negara: Pembangunan dan Kebutuhan Penerapannya”,Direktur Jenderal Perhubungan Laut,Rencana Pembangunan Sistem Transportasi Di Sektor Transportasi Laut,https://balitbanghub.dephub.go.id/file/527
25 Mei 2021,Webinar “Sistem Transportasi Cerdas Di Ibu Kota Negara: Pembangunan dan Kebutuhan Penerapannya”,Direktur Jenderal Perhubungan Darat,Rencana Pembangunan Sistem Transportasi Di Sektor Transportasi Darat,https://balitbanghub.dephub.go.id/file/528
25 Mei 2021,Webinar “Sistem Transportasi Cerdas Di Ibu Kota Negara: Pembangunan dan Kebutuhan Penerapannya”,Direktur Jenderal Perhubungan Udara,Rencana Pembangunan Sistem Tranportasi Di Sektor Transportasi Udara,https://balitbanghub.dephub.go.id/file/525
25 Mei 2021,Webinar “Sistem Transportasi Cerdas Di Ibu Kota Negara: Pembangunan dan Kebutuhan Penerapannya”,Direktur Jenderal Perkeretaapian,Rencana Pembangunan Sistem Transportasi Kereta Api Dalam Rangka Mendukung Ibukota Negara Baru,https://balitbanghub.dephub.go.id/file/524
25 Mei 2021,Webinar “Sistem Transportasi Cerdas Di Ibu Kota Negara: Pembangunan dan Kebutuhan Penerapannya”,"Director Pembangunan Jaya Center for Urban Studies, Universitas Pembangunan Jaya",Mobilitas Cerdas Untuk Ibu Kota Baru,https://balitbanghub.dephub.go.id/file/526
25 Mei 2021,Webinar “Sistem Transportasi Cerdas Di Ibu Kota Negara: Pembangunan dan Kebutuhan Penerapannya”,Tim Rancang Kota IKN – PUPR (Kolaborasi Pemenang Sayembara),Kawasan Inti Pusat Pemerintahan Ibukota Negara Rancang Kota Transportasi + Infrastruktur,https://balitbanghub.dephub.go.id/file/532
25 Mei 2021,Webinar “Sistem Transportasi Cerdas Di Ibu Kota Negara: Pembangunan dan Kebutuhan Penerapannya”,"Dr. Ir. Ismail, M.T.",Dukungan Tata Kelola Spektrum Frekuensi Radio Untuk Sistem Transportasi Cerdas di Ibu Kota Negara Baru,https://balitbanghub.dephub.go.id/file/531
27 April 2021,"Focus Group Discussion ""Identifikasi Penyelenggaraan Autonomus Rail Rapid Transit (ART) di Indonesia""",Kerjasama Penelitian Badan Litbang Kementerian Perhubungan Institut Teknologi Bandung Universitas Gadjah Mada,Kajian Regulasi Penyelenggaraan Autonomous Rail Rapid Transit/Tram Otonom di Indonesia,https://balitbanghub.dephub.go.id/file/519
27 April 2021,"Focus Group Discussion ""Identifikasi Penyelenggaraan Autonomus Rail Rapid Transit (ART) di Indonesia""",Institut Teknologi Bandung,Kajian Penyelenggaraan Pilot Project Tram Otonom (TO)/ART di Denpasar Bali,https://balitbanghub.dephub.go.id/file/518
27 April 2021,"Focus Group Discussion ""Identifikasi Penyelenggaraan Autonomus Rail Rapid Transit (ART) di Indonesia""",Kerja Sama Institut Teknologi Sepuluh Nopember dengan Kementerian Perhubungan,Kajian Penyelenggaraan Autonomus Rail Rapid Transit (ART) di Indonesia Di Kota Surabaya,https://balitbanghub.dephub.go.id/file/516
27 April 2021,"Focus Group Discussion ""Identifikasi Penyelenggaraan Autonomus Rail Rapid Transit (ART) di Indonesia""","Ir. Ikaputra, M. Eng, Ph. D",Kajian Penyelenggaraan Autonomous Rail Rapid Transit (ART) di Kota Yogyakarta,https://balitbanghub.dephub.go.id/file/517
12 April 2021,"Topic: Focus Group Discussion (FGD) ""Kesiapan Implementasi Grand Strategy Sistem Transportasi Cerdas Indonesia""",Direktorat Jenderal Perhubunga Darat,Peran Pemerintah Dalam Implementasi Grand Strategi Sistem Transportasi Cerdas,https://balitbanghub.dephub.go.id/file/515
12 April 2021,"Focus Group Discussion (FGD) ""Kesiapan Implementasi Grand Strategy Sistem Transportasi Cerdas Indonesia""","Dr. Ir. Resdiansyah ST., MT., IPM - ITS",Implementasi dan Tantangan dalam Penerapan Sistem Transportasi Cerdas di Indonesia,https://balitbanghub.dephub.go.id/file/514
12 April 2021,"Focus Group Discussion (FGD) ""Kesiapan Implementasi Grand Strategy Sistem Transportasi Cerdas Indonesia""",Badan Penelitian dan Pengembangan Perhubungan,Draft Laporan Akhir Kegiatan Penelitian Bersama Pengembangan Sistem Transportasi Cerdas di Indonesia,https://balitbanghub.dephub.go.id/file/513
01 Oktober 2020,Webinar Series #8 “Strategi Pemulihan Angkutan Logistik Pada Masa Pandemi Covid-19”,Dr. Hammam Riza,Transportasi Cerdas untuk Mendukung Aksesibilitas & Mobilitas Logistic Kemanusiaan Pada Masa & Pasca Pandemi Covid-19,https://balitbanghub.dephub.go.id/file/385
01 Oktober 2020,Webinar Series #8 “Strategi Pemulihan Angkutan Logistik Pada Masa Pandemi Covid-19”,"Dr. Ir. Umiyatun Hayati Triastuti, M.sc",Strategi Pemulihan Angkutan Logistik Pada Masa Pandemi Covid-19,https://balitbanghub.dephub.go.id/file/387
01 Oktober 2020,Webinar Series #8 “Strategi Pemulihan Angkutan Logistik Pada Masa Pandemi Covid-19”,Ir. Budi Noviantoro,Sarana Kereta Api Pendukung Angkutan Logistik Komoditas Humanitarian,https://balitbanghub.dephub.go.id/file/381
01 Oktober 2020,Webinar Series #8 “Strategi Pemulihan Angkutan Logistik Pada Masa Pandemi Covid-19”,"Dr. Kuncoro Harto Widodo, M.Eng",Peran Transportasi Kereta Api untuk Mempercepat Distribusi Logistik Kemanusiaan Selama Masa Pandemi Covid-19”,https://balitbanghub.dephub.go.id/file/382
01 Oktober 2020,Webinar Series #8 “Strategi Pemulihan Angkutan Logistik Pada Masa Pandemi Covid-19”,"Prof. Dr. Ir. Agus Taufik Mulyono, M.T., IPU, ASEAN Eng.",Paradigma Baru Penyelenggaraan Perkeretaapian Selama dan Pasca Pandemi Covid-19,https://balitbanghub.dephub.go.id/file/383
01 Oktober 2020,Webinar Series #8 “Strategi Pemulihan Angkutan Logistik Pada Masa Pandemi Covid-19”,"Dr. Ir. Arif Wismadi, M.Sc.",Model Dan Strategi Recovery Industri Jasa Logistik Pasca Pandemi Covid-19,https://balitbanghub.dephub.go.id/file/386
29 September 2020,Webinar Series #7 “Kajian Stimulus Ekonomi untuk Pemulihan Transport Laut SDP”,Dr. Ardi Adji,Kebijakan Stimulus Ekonomi Menuju Era Kenormalan Baru Pada Transportasi Laut SDP,https://balitbanghub.dephub.go.id/file/377
29 September 2020,Webinar Series #7 “Kajian Stimulus Ekonomi untuk Pemulihan Transport Laut SDP”,"Dr. Agnes Tri Rumiati, M.Sc.","Analisis dan Evaluasi Dampak Pandemi Covid -19 pada Subsektor Transportasi Laut, Sungai, Danau dan Penyeberangan",https://balitbanghub.dephub.go.id/file/378
24 September 2020,Webinar Series #6 “Ketahanan Angkutan Logistik Pada Masa Pandemi Covid-19”,Wisnu Rahardjo,Perkembangan Kargo Udara Di Bandara PT. Angkasa Pura II,https://balitbanghub.dephub.go.id/file/364
24 September 2020,Webinar Series #6 “Ketahanan Angkutan Logistik Pada Masa Pandemi Covid-19”,"Ir. Umiyatun Hayati Triastuti, M.sc",Pembukaan Acara Kepala Badan Penelitian dan Pengembangan Perhubungan,https://balitbanghub.dephub.go.id/file/359
24 September 2020,Webinar Series #6 “Ketahanan Angkutan Logistik Pada Masa Pandemi Covid-19”,"Herawati, S.T., M.Sc., M.Eng. (Peneliti Madya Badan Litbang Perhubungan)","Pembahas ""Ketahanan Angkutan Logistik Pada Masa Pandemi Covid-19”",https://balitbanghub.dephub.go.id/file/365
24 September 2020,Webinar Series #6 “Ketahanan Angkutan Logistik Pada Masa Pandemi Covid-19”,Yukki Nugrahawan Hanafi,Peluang dan Tantangan Perusahaan Jasa Angkutan Logistik Pada Masa Pandemi Covid-19,https://balitbanghub.dephub.go.id/file/362
24 September 2020,Webinar Series #6 “Ketahanan Angkutan Logistik Pada Masa Pandemi Covid-19”,"Titah Yudhistira, ST, MT, Ph.D",Kajian Efektivitas Kebijakan Pengendalian PSBB Di Sektor Transportasi Terhadap Distribusi Angkutan Barang/Logistik,https://balitbanghub.dephub.go.id/file/361
23 September 2020,Webinar Series #5 “Resiliensi Kinerja dan Strategi Pemulihan Bisnis Sektor Transportasi Udara Pada Saat dan Pasca Pandemi COVID-19”,-,Resiliensi Transportasi Udara Disaat Pandemic Covid-19 Pemulihan Ekonomi Nasional Sektor Transportasi Udara,https://balitbanghub.dephub.go.id/file/376
23 September 2020,Webinar Series #5 “Resiliensi Kinerja dan Strategi Pemulihan Bisnis Sektor Transportasi Udara Pada Saat dan Pasca Pandemi COVID-19”,Imanuddin Yunus,Resiliensi Kinerja dan Strategi Pemuihan Bisni Sektor Transportasi Udara Selama hingga Pasca Pandemi COVID19,https://balitbanghub.dephub.go.id/file/374
23 September 2020,Webinar Series #5 “Resiliensi Kinerja dan Strategi Pemulihan Bisnis Sektor Transportasi Udara Pada Saat dan Pasca Pandemi COVID-19”,"Ir. Umiyatun Hayati Triastuti, M.Sc",Pembukaan Acara Kepala Badan Penelitian dan Pengembangan Perhubungan,https://balitbanghub.dephub.go.id/file/357
23 September 2020,Webinar Series #5 “Resiliensi Kinerja dan Strategi Pemulihan Bisnis Sektor Transportasi Udara Pada Saat dan Pasca Pandemi COVID-19”,Dr. Heri Fathurahman,Model Strategi Pemulihan Bisnis Transportasi Udara,https://balitbanghub.dephub.go.id/file/356
23 September 2020,Webinar Series #5 “Resiliensi Kinerja dan Strategi Pemulihan Bisnis Sektor Transportasi Udara Pada Saat dan Pasca Pandemi COVID-19”,Marsekal TNI (Purn) Chappy Hakim,Keynote Speech,https://balitbanghub.dephub.go.id/file/358
23 September 2020,Webinar Series #5 “Resiliensi Kinerja dan Strategi Pemulihan Bisnis Sektor Transportasi Udara Pada Saat dan Pasca Pandemi COVID-19”,Dr. Ricardi S. Adnan,Dampak COVID19 terhadap Resiliensi Kinerja Sektor Transportasi Udara dan Sektor Lainnya,https://balitbanghub.dephub.go.id/file/355
23 September 2020,Webinar Series #5 “Resiliensi Kinerja dan Strategi Pemulihan Bisnis Sektor Transportasi Udara Pada Saat dan Pasca Pandemi COVID-19”,Dina,Bagaimana Dampak Covid Bagi Penerbangan?,https://balitbanghub.dephub.go.id/file/375
21 September 2020,Webinar Series #4 (Rangkaian Kegiatan Harhubnas 2020) “Strategi Pemulihan Bisnis Angkutan Jalan Dan Perkeretaapian”,"Hengki Purwoto, SE., MA",Strategi Pemulihan Bisnis Angkutan Perkeretaapian Pasca Pandemi Covid-19,https://balitbanghub.dephub.go.id/file/352
21 September 2020,Webinar Series #4 (Rangkaian Kegiatan Harhubnas 2020) “Strategi Pemulihan Bisnis Angkutan Jalan Dan Perkeretaapian”,Dr. Ir. Ibnu Syabri,Strategi Pemulihan Bisnis Angkutan Jalan Pasca Pandemi Covid-19,https://balitbanghub.dephub.go.id/file/353
21 September 2020,Webinar Series #4 (Rangkaian Kegiatan Harhubnas 2020) “Strategi Pemulihan Bisnis Angkutan Jalan Dan Perkeretaapian”,Silvia Halim,Strategi Pemulihan Bisnis Angkutan Jalan dan Perkeretaapian,https://balitbanghub.dephub.go.id/file/380
21 September 2020,Webinar Series #4 (Rangkaian Kegiatan Harhubnas 2020) “Strategi Pemulihan Bisnis Angkutan Jalan Dan Perkeretaapian”,"Ir. Umiyatun Hayati Triastuti, M.Sc",Dampak Covid-19 Terhadap Transportasi Jalan Dan Perkeretaapian,https://balitbanghub.dephub.go.id/file/351
21 September 2020,Webinar Series #4 (Rangkaian Kegiatan Harhubnas 2020) “Strategi Pemulihan Bisnis Angkutan Jalan Dan Perkeretaapian”,Prof. Agus Taufik Mulyono:,Antisipasi Terhadap Paradigma Baru di Bidang Perkeretaapian Selama dan Pasca Pandemi Covid-19,https://balitbanghub.dephub.go.id/file/354
18 September 2020,Webinar Series #3 (Rangkaian Kegiatan Harhubnas 2020) Kebijakan Pengendalian Dan Ketahanan Bisnis Angkutan Jalan Dan Perkeretaapian Saat Pandemi,"Ir. Umiyatun Hayati Triastuti, M.Sc",Transportasi Maju Indonesia Maju,https://balitbanghub.dephub.go.id/file/342
18 September 2020,Webinar Series #3 (Rangkaian Kegiatan Harhubnas 2020) Kebijakan Pengendalian Dan Ketahanan Bisnis Angkutan Jalan Dan Perkeretaapian Saat Pandemi,Dr. Bambang Susantono,Towards a more sustainable new normal for the transport sector,https://balitbanghub.dephub.go.id/file/379
18 September 2020,Webinar Series #3 (Rangkaian Kegiatan Harhubnas 2020) Kebijakan Pengendalian Dan Ketahanan Bisnis Angkutan Jalan Dan Perkeretaapian Saat Pandemi,"Drs. Budi Setiyadi SH., MS.i",Kondisi Transportasi Darat Di Awal Masa Pandemi Dan Pada Masa Kebiasaan Baru,https://balitbanghub.dephub.go.id/file/343
18 September 2020,Webinar Series #3 (Rangkaian Kegiatan Harhubnas 2020) Kebijakan Pengendalian Dan Ketahanan Bisnis Angkutan Jalan Dan Perkeretaapian Saat Pandemi,"Dr. Ir. Arif Wismadi, MSc.",Kolaborasi Merespon Dampak Pandemi Covid-19 dan Strategi Recovery pada Kehidupan Normal Baru di Sektor Transportasi,https://balitbanghub.dephub.go.id/file/346
18 September 2020,Webinar Series #3 (Rangkaian Kegiatan Harhubnas 2020) Kebijakan Pengendalian Dan Ketahanan Bisnis Angkutan Jalan Dan Perkeretaapian Saat Pandemi,Dr. Agung Wicaksono,Kebijakan Pengendalian Dan Ketahanan Bisnis Angkutan Jalan Dan Perkeretaapian Saat Pandemi,https://balitbanghub.dephub.go.id/file/348
18 September 2020,Webinar Series #3 (Rangkaian Kegiatan Harhubnas 2020) Kebijakan Pengendalian Dan Ketahanan Bisnis Angkutan Jalan Dan Perkeretaapian Saat Pandemi,"Dr. Miming Miharja, ST., MSc.Eng.",Kajian Efektivitas Penerapan Kebijakan Pengendalian Transportasi Jalan Dalam Rangka Pencegahan Penyebaran COVID-19,https://balitbanghub.dephub.go.id/file/345
18 September 2020,Webinar Series #3 (Rangkaian Kegiatan Harhubnas 2020) Kebijakan Pengendalian Dan Ketahanan Bisnis Angkutan Jalan Dan Perkeretaapian Saat Pandemi,"Hengki Purwoto, SE., MA",Kajian Dampak Pandemi Covid 19 Terhadap Ketahanan Bisnis Angkutan Perkeretaapian,https://balitbanghub.dephub.go.id/file/347
18 September 2020,Webinar Series #3 (Rangkaian Kegiatan Harhubnas 2020) Kebijakan Pengendalian Dan Ketahanan Bisnis Angkutan Jalan Dan Perkeretaapian Saat Pandemi,"Prof. Dr. Ir. Agus Taufik Mulyono (Atm), St., Mt., Ipu., Asean Eng",Humanitarian Railway System Development,https://balitbanghub.dephub.go.id/file/344
18 September 2020,Webinar Series #3 (Rangkaian Kegiatan Harhubnas 2020) Kebijakan Pengendalian Dan Ketahanan Bisnis Angkutan Jalan Dan Perkeretaapian Saat Pandemi,SN. Milatia Moemin,Damri In New Normal (Live With Covid),https://balitbanghub.dephub.go.id/file/349
18 September 2020,Webinar Series #3 (Rangkaian Kegiatan Harhubnas 2020) Kebijakan Pengendalian Dan Ketahanan Bisnis Angkutan Jalan Dan Perkeretaapian Saat Pandemi,Maqin U Norhadi,Dampak Pandemi Covid 19 Terhadap Ketahanan Bisnis Angkutan Kereta Api,https://balitbanghub.dephub.go.id/file/350
16 September 2020,"Webinar Series #2 ""Standar Kesehatan Sarana dan Prasarana Penerbangan dan Perubahana Perilaku Pengguna Jasa Transportasi Udara""",Bagus Takwin,Perubahan Perilaku Pengguna Jasa Transportasi Udara,https://balitbanghub.dephub.go.id/file/366
16 September 2020,"Webinar Series #2 ""Standar Kesehatan Sarana dan Prasarana Penerbangan dan Perubahana Perilaku Pengguna Jasa Transportasi Udara""","Prof. Budi Sampurna, DFM, S.H., Sp. F (K), Sp.K.P.",Kajian Standar kesehatan Sarana dan Prasarana Transportasi Udara,https://balitbanghub.dephub.go.id/file/367
16 September 2020,"Webinar Series #2 ""Standar Kesehatan Sarana dan Prasarana Penerbangan dan Perubahana Perilaku Pengguna Jasa Transportasi Udara""",-,Efektivitas Peraturan Sektor Penerbangan Pada Masa Pandemi Covid-19,https://balitbanghub.dephub.go.id/file/368
15 September 2020,"Kick Off Webinar Series #1 ""Transportasi Sehat, Indonesia Maju""",Prof. Dr Budi Sampurna,Rekomendasi Tim Kajian Standar Kesehatan Sarana Dan Prasarana Transportasi Udara,https://balitbanghub.dephub.go.id/file/371
15 September 2020,"Kick Off Webinar Series #1 ""Transportasi Sehat, Indonesia Maju""",-,Policy Brief Kajian Transportasi Resiliensi Pelayanan Transportasi Akibat Pandemi Covid 19,https://balitbanghub.dephub.go.id/file/373
15 September 2020,"Kick Off Webinar Series #1 ""Transportasi Sehat, Indonesia Maju""","Prof. Dr. Ir. Agus Taufik Mulyono, MT.,",Pergerakan Orang Dan Penyebaran Virus Pada Penyelenggaraan Transportasi Perkeretaapian Selama Pandemi Covid-19,https://balitbanghub.dephub.go.id/file/372
15 September 2020,"Kick Off Webinar Series #1 ""Transportasi Sehat, Indonesia Maju""",Prof. Ade Sjafruddin,Kajian Pemodelan Pergerakan Orang di Bidang Transportasi Jalan Selama Covid-19,https://balitbanghub.dephub.go.id/file/370
15 September 2020,"Kick Off Webinar Series #1 ""Transportasi Sehat, Indonesia Maju""","Dr. Ir. Subiakto, MBA",Dampak Efektivitas PSBB Transportasi Dalam Mencegah Meluasnya Penyebaran COVID-19 dan Analisis Ketahanan Bisnis Angkutan Barang/Industri Jasa Logistik,https://balitbanghub.dephub.go.id/file/369
02 Juni 2020,Kick Off Meeting Dialog Menteri Perhubungan Dengan Rektor Perguruan Tinggi Dan Seminar “Kolaborasi Merespons Dampak Pandemi Covid-19 Dan Strategi Recovery Pada Tatanan Normal Baru Di Sektor Transportasi”,"Prof. Reini Wirahadikusumah MSCE, Ph.D.","Sambutan Rektor ITB ""Merespon Dampak Pandemi COVID-19 dan Strategi Recovery Pada Tatanan Kehidupan Normal Baru Di Sektor Transportasi""",https://balitbanghub.dephub.go.id/file/317
02 Juni 2020,Kick Off Meeting Dialog Menteri Perhubungan Dengan Rektor Perguruan Tinggi Dan Seminar “Kolaborasi Merespons Dampak Pandemi Covid-19 Dan Strategi Recovery Pada Tatanan Normal Baru Di Sektor Transportasi”,Prof. Agus Taufik Mulyono,Perubahan Perilaku Penyelenggaraan Sektor Transportasi Mengutamakan Nilai Kemanusiaan untuk Ekonomi Lebih Baik,https://balitbanghub.dephub.go.id/file/318
02 Juni 2020,Kick Off Meeting Dialog Menteri Perhubungan Dengan Rektor Perguruan Tinggi Dan Seminar “Kolaborasi Merespons Dampak Pandemi Covid-19 Dan Strategi Recovery Pada Tatanan Normal Baru Di Sektor Transportasi”,Prof. Ade Sjafruddin dan Dr. Ibnu Syabri,"Membangun Strategi, Model, Inovasi Teknologi & Kebijakan Dalam Rangka Adaptasi Kebiasaan Baru (New Normal) Sektor Transportasi Jalan dan Logistik",https://balitbanghub.dephub.go.id/file/319
02 Juni 2020,Kick Off Meeting Dialog Menteri Perhubungan Dengan Rektor Perguruan Tinggi Dan Seminar “Kolaborasi Merespons Dampak Pandemi Covid-19 Dan Strategi Recovery Pada Tatanan Normal Baru Di Sektor Transportasi”,"Ir. Tri Achmadi, Ph.D",Kebijakan Strategis Dan Inovasi Teknologi Menuju Era Kenormalan Baru Pada Transportasi Laut SDP,https://balitbanghub.dephub.go.id/file/320
02 Juni 2020,Kick Off Meeting Dialog Menteri Perhubungan Dengan Rektor Perguruan Tinggi Dan Seminar “Kolaborasi Merespons Dampak Pandemi Covid-19 Dan Strategi Recovery Pada Tatanan Normal Baru Di Sektor Transportasi”,"Ahmad Gamal, S.Ars., M.Si., MUP, Ph.D.","Antisipasi Dampak, Prediksi Perubahan, dan Butir Rekomendasi Kebijakan Selama dan Pasca Pandemi COVID-19",https://balitbanghub.dephub.go.id/file/321
24 Mei 2020,Prosiding International Conference of Transport Research and Innovation 2019,-,Prosiding International Conference of Transport Research and Innovation 2019,https://balitbanghub.dephub.go.id/file/316
05 Februari 2020,FGD Puslitbang Transportasi Antarmoda Electronic Toll Collection di Indonesia: Teknologi dan Penerapannya,"Kepala Badan Pengelola Jalan Tol, Kementerian PUPR",Strategi Dan Rencana Penerapan Multilane Free Flow di Jalan TOL,https://balitbanghub.dephub.go.id/file/268
05 Februari 2020,FGD Puslitbang Transportasi Antarmoda Electronic Toll Collection di Indonesia: Teknologi dan Penerapannya,"Herawati S.T, M.Sc., M.Eng",Penerapan Jalan Berbayar (ETC/ERP) di Indonesia,https://balitbanghub.dephub.go.id/file/269
05 Februari 2020,FGD Puslitbang Transportasi Antarmoda Electronic Toll Collection di Indonesia: Teknologi dan Penerapannya,Direktorat Jenderal SDPPI Kementerian Komunikasi dan Informatika RI,Electronic Toll Collection (ETC),https://balitbanghub.dephub.go.id/file/267
11 Desember 2019,Focus Group Discussion Puslitbang Transportasi Laut SDP,"Dr. Ir. Johny Malisan, DESS - Peneliti Utama Puslitbang Transportasi Laut SDP",Pengembangan Motorized Container Barge Dalam Mengurangi Beban Lalu Lintas Jalan di Jalan Pantura,https://balitbanghub.dephub.go.id/file/255
10 Desember 2019,Peningkatan Sistem Manajemen Transportasi Laut Dalam Rangka Antisipasi Kesiapan Indonesia Menghadapi Mandatory IMO Member State Audit Scheme (IMSAS),PT. Aulia Sakti Internasional (Konsultan),Studi Peningkatan Sistem Manajemen Transportasi Laut Dalam Rangka Antisipasi Kesiapan Indonesia Menghadapi Mandatory IMO Member State Audit Scheme (IMSAS),https://balitbanghub.dephub.go.id/file/254
10 Desember 2019,FGD Puslitbang Transportasi Udara Rencana Induk (Master Plan) Transshipment Kargo Udara di Bandar Udara I Gusti Ngurah Rai tahun 2019,Direktur Utama PT. Angkasa Pura I,Rencana PT. Angkasa Pura I terhadap Pengembangan Transshipment Kargo Udara di Bandar Udara Internasional I Gusti Ngurah Rai Denpasar,https://balitbanghub.dephub.go.id/file/251
10 Desember 2019,FGD Puslitbang Transportasi Udara Rencana Induk (Master Plan) Transshipment Kargo Udara di Bandar Udara I Gusti Ngurah Rai tahun 2019,"Direktur Jenderal Perhubungan Udara, Kementerian Perhubungan","Regulasi terhadap Perencanaan Rute, Fasilitas Bandar Udara, dan Keamanan Penerbangan dalam Pengembangan Transshipment Kargo",https://balitbanghub.dephub.go.id/file/250
10 Desember 2019,FGD Puslitbang Transportasi Udara Rencana Induk (Master Plan) Transshipment Kargo Udara di Bandar Udara I Gusti Ngurah Rai tahun 2019,"Pusat Penelitian dan Pengembangan Transportasi Udara, Kementerian Perhubungan",Perancangan Rencana Induk (Master Plan) Transshipment Kargo Udara di Bandar Udara Internasional I Gusti Ngurah Rai Denpasar,https://balitbanghub.dephub.go.id/file/249
10 Desember 2019,FGD Puslitbang Transportasi Udara Rencana Induk (Master Plan) Transshipment Kargo Udara di Bandar Udara I Gusti Ngurah Rai tahun 2019,"Direktur Jenderal Bea dan Cukai, Kementerian Keuangan",Kebijakan dan Fasilitasi DJBC Terhadap Kegiatan Transshipment di Bandar Udara I Gusti Ngurah Rai Denpasar,https://balitbanghub.dephub.go.id/file/252
15 November 2019,FGD Puslitbang Transportasi Jalan dan Perkeretaapian Kebijakan Pembangunan Infrastruktur di Kawasan Perbatasan (Kabupaten Mahakam Ulu Provinsi Kalimantan Timur),Kepala Badan Nasional Pengelola Perbatasan,Rencana Pembangunan Perbatasan Indonesia – Malaysia di Kabupaten Mahakam Ulu,https://balitbanghub.dephub.go.id/file/248
14 November 2019,Focus Group Discussion Puslitbang Transportasi Jalan dan Perkeretaapian,Kepala Dinas Perhubungan Kabupaten Mahakam Ulu,Rencana Pengembangan Jaringan Pelayanan dan Jaringan Prasarana Transportasi di Kabupaten Mahakam Ulu,https://balitbanghub.dephub.go.id/file/246
13 November 2019,International Conference Transportation Research And Innovation 2019,Head of Research and Development Agency on Transportation,Transportation Research Position In Indonesia Nowadays,https://balitbanghub.dephub.go.id/file/113
13 November 2019,International Conference Transportation Research And Innovation 2019,Prof. Fujiwara Akimasa,Social Acceptance Of Self-Driving Technology,https://balitbanghub.dephub.go.id/file/116
13 November 2019,International Conference Transportation Research And Innovation 2019,Minister of Research,"Research And Innovation To Achieve Intelligent, Integrated, And Sustainable Transportation",https://balitbanghub.dephub.go.id/file/112
13 November 2019,International Conference Transportation Research And Innovation 2019,"Prof. Dr. Ir. Agus Taufik Mulyono, ST., MT., IPU., ASEAN Eng.",Perspective On Future Transportation Research In Indonesia,https://balitbanghub.dephub.go.id/file/117
13 November 2019,International Conference Transportation Research And Innovation 2019,Coordinating Ministry for Maritime Affairs and Investment,National Transportation Research To Improve Transportation Quality,https://balitbanghub.dephub.go.id/file/115
13 November 2019,International Conference Transportation Research And Innovation 2019,Minister of Transportation,Keynote Speech Minister of Transportation Republic of Indonesia,https://balitbanghub.dephub.go.id/file/111
13 November 2019,International Conference Transportation Research And Innovation 2019,"Ir. Linus Andor Mulana Sijabat, IPM, FIRSE.",Intelligent Maintenance For Railway Systems,https://balitbanghub.dephub.go.id/file/120
13 November 2019,International Conference Transportation Research And Innovation 2019,The Korea Transport Institute,Industry 4.0 For Intelligent And Smart Transportation,https://balitbanghub.dephub.go.id/file/119
13 November 2019,International Conference Transportation Research And Innovation 2019,Muhammad Dimyati,Future Technology: A Solution To Solve Traffic Jump,https://balitbanghub.dephub.go.id/file/114
13 November 2019,International Conference Transportation Research And Innovation 2019,Leonard VH Tampubolon,Financing For Sustainable Public Transportation,https://balitbanghub.dephub.go.id/file/118
11 November 2019,FGD Puslitbang Transportasi Jalan dan Perkeretaapian Kebijakan Pembangunan Infrastruktur di Kawasan Perbatasan (Kabupaten Mahakam Ulu Provinsi Kalimantan Timur),Kepala Badan Perencanaan Pembangunan Daerah (Bappeda) Kabupaten Mahakam Ulu,Rencana Pembangunan Infrastruktur di Kabupaten Mahakam Ulu,https://balitbanghub.dephub.go.id/file/245
10 November 2019,FGD Puslitbang Transportasi Jalan dan Perkeretaapian Kebijakan Pembangunan Infrastruktur di Kawasan Perbatasan (Kabupaten Mahakam Ulu Provinsi Kalimantan Timur),Kepala Dinas Pekerjaan Umum Kabupaten Mahakam Ulu,Rencana Pembangunan Jaringan Jalan di Kabupaten Mahakam Ulu,https://balitbanghub.dephub.go.id/file/247
21 Oktober 2019,Focus Group Discussion Puslitbang Transportasi Antarmoda,"Dr. Hengky Purwoto, SE., MA.",Pemetaan Dan Agenda Riset Transportasi Nasional,https://balitbanghub.dephub.go.id/file/122
21 Oktober 2019,Focus Group Discussion Puslitbang Transportasi Antarmoda,"Dr. Ir. Idwan Santoso, MSc, DIC",Forum Riset Dan inovasi Transportasi Nasional,https://balitbanghub.dephub.go.id/file/121
17 Oktober 2019,Focus Group Discussion Sekretariat Badan Litbang Perhubungan,Dr. Hengky Purwoto,Rencana Induk Penelitian Transportasi 2020-2024,https://balitbanghub.dephub.go.id/file/123
17 Oktober 2019,Focus Group Discussion Puslitbang Transportasi Jalan dan Perkeretaapian,Peneliti Puslitbang Transportasi Jalan dan Perkeretaapian,Reformasi Kebijakan Penanganan Perlintasan Sebidang Di Indonesia,https://balitbanghub.dephub.go.id/file/130
17 Oktober 2019,Focus Group Discussion Puslitbang Transportasi Jalan dan Perkeretaapian,Direktorat Keselamatan Perkeretaapian,Peningkatan Keselamatan Di Perlintasan Sebidang Kereta Api,https://balitbanghub.dephub.go.id/file/125
17 Oktober 2019,Focus Group Discussion Puslitbang Transportasi Jalan dan Perkeretaapian,Kepala Dinas Perhubungan Kabupaten Kebumen,Penanganan Perlintasan Kereta Api Tanpa Palang Pintu Di Kabupaten Kebumen,https://balitbanghub.dephub.go.id/file/129
17 Oktober 2019,Focus Group Discussion Puslitbang Transportasi Jalan dan Perkeretaapian,Direktur Jenderal Perhubungan Darat Kementerian Perhubungan,Kebijakan Pembinaan Lalu Lintas Jalan Di Perlintasan Sebidang,https://balitbanghub.dephub.go.id/file/126
17 Oktober 2019,Focus Group Discussion Puslitbang Transportasi Jalan dan Perkeretaapian,Deputi Bidang Teknologi Industri Rancang Bangun dan Rekayasa – BPPT,Inovasi Teknologi Smart Level Crossing (SLC),https://balitbanghub.dephub.go.id/file/128
17 Oktober 2019,Focus Group Discussion Sekretariat Badan Litbang Perhubungan,"Dr. Dipl-Ing Mulyadi Sinung Harjono, MT.",Flagship Penelitian Nasional Bidang Transportasi,https://balitbanghub.dephub.go.id/file/124
17 Oktober 2019,Focus Group Discussion Puslitbang Transportasi Jalan dan Perkeretaapian,Kepala Sub Direktorat Perhubungan,Dukungan Dan Peran Serta Pemerintah Daerah Dalam Pengelolaan Perlintasan Sebidang,https://balitbanghub.dephub.go.id/file/127
26 September 2019,Focus Group Discussion Puslitbang Transportasi Darat,Ketua Komite Nasional Keselamatan Transportasi (KNKT),Tinjauan Sederhana Kecelakaan Cipularang Dan Cipali,https://balitbanghub.dephub.go.id/file/134
26 September 2019,Focus Group Discussion Puslitbang Transportasi Darat,Kepala Korps Lalulintas POLRI,Pengawasan Dan Penegakan hukum Guna Meningkatkan Keselamatan Lalu Lintas,https://balitbanghub.dephub.go.id/file/133
26 September 2019,Focus Group Discussion Puslitbang Transportasi Darat,Kepala Badan Pengatur Jalan Tol Kementerian PUPR,Kecelakaan Lalu Lintas Jalan Tol,https://balitbanghub.dephub.go.id/file/132
26 September 2019,Focus Group Discussion Puslitbang Transportasi Darat,Direktur Jenderal Perhubungan Darat Kementerian Perhubungan,Kebijakan Peningkatan Keselamatan Di Ruas Jalan Tol,https://balitbanghub.dephub.go.id/file/131
26 September 2019,Focus Group Discussion Puslitbang Transportasi Darat,Drs. I Ketut Mudana,Karakteristik Penyebab Kecelakaan Di Ruas Jalan Tol Cipali,https://balitbanghub.dephub.go.id/file/135
26 September 2019,Focus Group Discussion Puslitbang Transportasi Darat,"Ir. Mutharuddin, M.Si., M.Mtr.",Analisa Kecelakaan Di Ruas Tol Cipularang KM 91,https://balitbanghub.dephub.go.id/file/136
25 September 2019,Focus Group Discussion Puslitbang Transportasi Udara,Pusat Penelitan dan Pengembangan Transportasi Udara,Peran Penelitian Dan Pengembangan Dalam Peningkatan Aspek Keselamatan Penerbangan,https://balitbanghub.dephub.go.id/file/137
25 September 2019,Focus Group Discussion Puslitbang Transportasi Udara,M. Ridlo Akbar,Pengembangan Dan Pemanfaatan Peralatan Produksi Dalam Negeri Untuk Menunjang Keselamatan Penerbangan,https://balitbanghub.dephub.go.id/file/141
25 September 2019,Focus Group Discussion Puslitbang Transportasi Udara,"Direktur Jenderal Industri Logam, Mesin, Alat Transportasi, dan Elektronika KEMENPERIN",Kebjakan Penelitian Dan Riset Teknologi Nasional Dalam Sektor Transportasi Udara,https://balitbanghub.dephub.go.id/file/139
25 September 2019,Focus Group Discussion Puslitbang Transportasi Udara,Direktur Jenderal Penguatan Riset dan Pengembangan KEMENRISTEKDIKTI,Kebijakan Untuk Mendorong Pengembangan Dan Pemanfaatan Produksi Dalam Negeri,https://balitbanghub.dephub.go.id/file/138
25 September 2019,Focus Group Discussion Puslitbang Transportasi Udara,"Dr. Ir. Adhi Dharma Permana, M.Sc.",Dukungan BPPT Pada Inovasi Teknologi Bidang Kedirgantaraan,https://balitbanghub.dephub.go.id/file/140
04 September 2019,Focus Group Discussion Puslitbang Transportasi Antarmoda,Kepala Badan Pengkajian dan Penerapan Teknologi (BPPT),Pengembangan Teknologi Transportasi Berkelanjutan,https://balitbanghub.dephub.go.id/file/145
04 September 2019,Focus Group Discussion Puslitbang Transportasi Antarmoda,"Dr. Eng. Ir. Muhammad Isran Ramli, ST., MT., ATU.",Pemetaan Penelitian Transportasi Di Perguruan Tinggi,https://balitbanghub.dephub.go.id/file/143
04 September 2019,Focus Group Discussion Puslitbang Transportasi Antarmoda,"Dr. Ir. Dewanti, MS",Pemetaan dan Agenda Riset Transportasi Nasional,https://balitbanghub.dephub.go.id/file/2
04 September 2019,Focus Group Discussion Puslitbang Transportasi Antarmoda,"Ir. Sugihardjo, M. Si.",Pemetaan Dan Agenda Riset Transportasi Nasional,https://balitbanghub.dephub.go.id/file/142
21 Agustus 2019,Focus Group Discussion Puslitbang Transportasi Jalan dan Perkeretaapian,PT. Bluebird Taxi Tbk,Lesson Learn Pengoperasian Armada Taksi Listrik,https://balitbanghub.dephub.go.id/file/150
21 Agustus 2019,Focus Group Discussion Puslitbang Transportasi Jalan dan Perkeretaapian,"Direktur Pusat Teknologi Industri, Deputi Bidang Pengkajian Kebijakan Teknologi BPPT",Kesiapan Implementasi Mobil Listrik Sebagai Sarana Angkutan Umum Di Indonesia,https://balitbanghub.dephub.go.id/file/148
21 Agustus 2019,Focus Group Discussion Puslitbang Transportasi Jalan dan Perkeretaapian,Direktorat Jenderal Perhubungan Darat Kementerian Perhubungan,Kesiapan Implementasi Mobil Listrik Sebagai Sarana Angkutan Umum Di Indonesia,https://balitbanghub.dephub.go.id/file/146
21 Agustus 2019,Focus Group Discussion Puslitbang Transportasi Jalan dan Perkeretaapian,Direktur Jenderal Maritim Alat Transportasi dan Pertahanan,Kebijakan Pengembangan Program Low Carbon Emission Vehicle (LCEV),https://balitbanghub.dephub.go.id/file/147
21 Agustus 2019,Focus Group Discussion Puslitbang Transportasi Jalan dan Perkeretaapian,Direktur Teknik dan Lingkungan Ketenagalistrikan,Kebijakan Dan Strategi Pasokan Energi Untuk Kedaraan Bermotor Listrik,https://balitbanghub.dephub.go.id/file/149
06 Agustus 2019,Forum Komunikasi Kelitbangan,Otoritas Pelabuhan Utama Tj. Priok,Strategi Pembangunan Zona Integritas Menuju Wilayah Birokrasi Bersih dan Melayani WBBM,https://balitbanghub.dephub.go.id/file/156
06 Agustus 2019,Forum Komunikasi Kelitbangan,Kepala Badan Penelitian dan Pengembangan Kementerian ESDM,Sharing Pengalaman Badan Litbang Kementerian ESDM melalui Pusat Penelitian dan Pengembangan Teknologi Mineral dan Batubara,https://balitbanghub.dephub.go.id/file/152
06 Agustus 2019,Forum Komunikasi Kelitbangan,Kementerian Perindustrian Republik Indonesia,Penerapan Zona Integritas Menuju WBK di BBKK,https://balitbanghub.dephub.go.id/file/157
06 Agustus 2019,Forum Komunikasi Kelitbangan,Kementerian PAN-RB,Mempersiapkan Badan Litbang untuk Menjadi Unit Kerja WBK (Wilayah Bebas Korupsi),https://balitbanghub.dephub.go.id/file/151
06 Agustus 2019,Forum Komunikasi Kelitbangan,"Inspektur Investigasi, Inspektorat Jenderal Kementerian Perhubungan",Mekanisme Penilaian dan Pengawasan Internal Pembangunan Zona Integritas Menuju Predikat WBK dan WBBM,https://balitbanghub.dephub.go.id/file/153
06 Agustus 2019,Forum Komunikasi Kelitbangan,Kepala Badan Penelitian dan Pengembangan Perhubungan,Langkah-langkah Badan Litbang Perhubungan Dalam Rangka Pembangunan Zona Integritas Menuju Wilayah Bebas dari Korupsi,https://balitbanghub.dephub.go.id/file/154
06 Agustus 2019,Forum Komunikasi Kelitbangan,Kepala Badan Diklat Kejaksaan Republik Indonesia,Komponen Pembangunan Zona Integritas,https://balitbanghub.dephub.go.id/file/155
18 Juli 2019,Focus Group Discussion Puslitbang Transportasi Antarmoda,Kepala Badan Penelitian dan Pengembangan Perhubungan,International Conference of Transportation Research and Innovation 2019,https://balitbanghub.dephub.go.id/file/158
18 Juli 2019,Focus Group Discussion Puslitbang Transportasi Antarmoda,Ketua Forum Studi Perguruan Tinggi (FSTPT),Dukungan SDM pada Penyelenggaraan Riset dan Inovasi Transportasi,https://balitbanghub.dephub.go.id/file/160
17 Juli 2019,Focus Group Discussion Puslitbang Transportasi Udara,Direktur Angkutan Udara,Perizinan Pemanfaatan Drone untuk Angkutan Udara,https://balitbanghub.dephub.go.id/file/164
17 Juli 2019,Focus Group Discussion Puslitbang Transportasi Udara,Direktur Bandar Udara,Penyiapan Prasarana/Fasilitas Pendukung Pengoperasian Drone di Bandar Udara,https://balitbanghub.dephub.go.id/file/165
17 Juli 2019,Focus Group Discussion Puslitbang Transportasi Udara,Direktur Keamanan Penerbangan,Pengawasan Keamanan Penerbangan dalam Pemanfaatan Drone di Indonesia,https://balitbanghub.dephub.go.id/file/167
17 Juli 2019,Focus Group Discussion Puslitbang Transportasi Udara,Direktur Navigasi Penerbangan,Pengaturan dan Pengawasan Ruang Udara dalam Pengoperasian Drone di Indonesia,https://balitbanghub.dephub.go.id/file/163
17 Juli 2019,Focus Group Discussion Puslitbang Transportasi Udara,Direktur Operasi PT Garuda Indonesia,Peluang dan Skema Bisnis Badan Usaha Angkutan Udara dalam Pemanfaatan Drone di Indonesia,https://balitbanghub.dephub.go.id/file/166
17 Juli 2019,Focus Group Discussion Puslitbang Transportasi Udara,Direktur Kelaikudaraan dan Pengoperasian Pesawat Udara,"Ketentuan Pengoperasian, Pengawasan, Registrasi dan Sertifikasi Drone di Indonesia",https://balitbanghub.dephub.go.id/file/162
17 Juli 2019,Focus Group Discussion Puslitbang Transportasi Udara,Pusat Penelitian dan Pengembangan Transportasi Udara,Antisipasi Perkembangan Drone Melalui Keterpaduan Regulasi,https://balitbanghub.dephub.go.id/file/161
11 Juli 2019,Focus Group Discussion (FGD) Pusat Penelitian dan Pengembangan Transportasi Antarmoda,Kepala Pusat Pengelolaan Transportasi Berkelanjutan,Updating Rencana Aksi Penurunan Emisi GRK,https://balitbanghub.dephub.go.id/file/171
11 Juli 2019,Focus Group Discussion (FGD) Pusat Penelitian dan Pengembangan Transportasi Antarmoda,Direktur Jenderal Perhubungan Perkeretaapian (diwakilkan Direktur Sarana Perkeretaapian)-Kementerian Perhubungan,Teknologi Sarana Perkeretaapian Ramah Lingkungan,https://balitbanghub.dephub.go.id/file/168
11 Juli 2019,Focus Group Discussion (FGD) Pusat Penelitian dan Pengembangan Transportasi Antarmoda,Direktur Utama PT. Transjakarta (diwakilkan Kepala Devisi Teknik dan Manajemen Operator),Progress Implementasi Bus Listrik Di DKI Jakarta,https://balitbanghub.dephub.go.id/file/173
11 Juli 2019,Focus Group Discussion (FGD) Pusat Penelitian dan Pengembangan Transportasi Antarmoda,"Direktur Jenderal Pengendalian Perhubungan Iklim, Kementerian Lingkungan Hidup dan Kehutanan","Pemantauan, Pelaporan, Dan Verifikasi (MRV) Rencana Aksi Mitigasi Sub Sektor Transportasi Dalam Rangka Pembangunan Rendah Karbon Indonesia",https://balitbanghub.dephub.go.id/file/172
11 Juli 2019,Focus Group Discussion (FGD) Pusat Penelitian dan Pengembangan Transportasi Antarmoda,Direktur Jenderal Perhubungan Udara (diwakilkan Kepala Seksi Sistem Informasi Angud)- Kementerian Perhubungan,Implementasi Bandar Udara Ramah Lingkungan (ECO Airport),https://balitbanghub.dephub.go.id/file/170
24 April 2019,Temu Karya Peneliti Tahun 2019,"Zulaichah, S.Si., Puslitbang Transportasi Udara",The Comparative Analysis of Small Unmanned Aircraft System Regulation in Indonesia and USA (case study:for recreation or hobby purpose),https://balitbanghub.dephub.go.id/file/177
24 April 2019,Temu Karya Peneliti Tahun 2019,"Maria Magdalena, SE, M.Sc, Puslitbang Transportasi Antarmoda",Sistem Informasi Transportasi Dalam Mendukung Kawasan Wisata Mandeh Transportation Information System to Support Mandeh Tourism,https://balitbanghub.dephub.go.id/file/184
24 April 2019,Temu Karya Peneliti Tahun 2019,"Herawati, ST, M.Sc, M.Eng., Puslitbang Transportasi Antarmoda",Route Choices Of Freight Drivers’ Preception In Java Island (Tol And Non Tol),https://balitbanghub.dephub.go.id/file/186
24 April 2019,Temu Karya Peneliti Tahun 2019,"Dra. Herma Juniati, MM.Tr., Puslitbang Transportasi Antarmoda",Potensi Pengembangan Pelabuhan Labuhan Haji Sebagai Pelabuhan Laut Outlet Utama Wilayah Barat Provinsi Aceh,https://balitbanghub.dephub.go.id/file/189
24 April 2019,Temu Karya Peneliti Tahun 2019,"Nunuj Nurdjanah, S.Si, MT., Puslitbang Transportasi Jalan dan Perkeretaapian",Peningkatan Kinerja Lalu Lintas Pada Simpang Tak Bersinyal di Kabupaten Tasikmalaya,https://balitbanghub.dephub.go.id/file/190
24 April 2019,Temu Karya Peneliti Tahun 2019,"Lita Yarlina, S.E, MT., Puslitbang Transportasi Udara",Pengoperasian Bandara Pondok Cabe untuk Penerbangan Jarak Pendek (Airtaxi) Menggunakan Pesawat Udara Jenis Turboprop,https://balitbanghub.dephub.go.id/file/194
24 April 2019,Temu Karya Peneliti Tahun 2019,"Hasriwan Putra, S.T, MT., Puslitbang Transportasi Antarmoda",Pemetaan Regulasi Digitalisasi Logistik Dalam Menghadapi Industri 4.0,https://balitbanghub.dephub.go.id/file/179
24 April 2019,Temu Karya Peneliti Tahun 2019,"Listantari, SE, MM.Tr., Puslitbang Transportasi Antarmoda",Pemetaan Data Pelayanan Transportasi Antarmoda Dalam Mendukung Sistem Informasi Kawasan Destinasi Wisata di Lampung,https://balitbanghub.dephub.go.id/file/193
24 April 2019,Temu Karya Peneliti Tahun 2019,"Endang Dwi Agustini, S.Sos., Puslitbang Transportasi Udara","Pelayanan Ground Handling Terhadap Pertumbuhan Lalu Lintas Angkutan Udara di Bandar Udara Mutiara SIS Al-Jufri, Palu",https://balitbanghub.dephub.go.id/file/192
24 April 2019,Temu Karya Peneliti Tahun 2019,"Erna Mei Lestari, SE, M.Ak., Puslitbang Transportasi Laut dan SDP",Optimalisasi Potensi Permintaan Penumpang Angkutan Laut Selama Masa Lebaran Di Pelabuhan Tanjung Priok Berbasis Google Analytic,https://balitbanghub.dephub.go.id/file/187
24 April 2019,Temu Karya Peneliti Tahun 2019,"Wilmar Jonris Siahaan, SE, MM., Puslitbang Transportasi Laut dan SDP",Manfaat “Rumah Kita” Dalam Mendukung Program Tol Laut Untuk Menunjang Kelancaran Barang,https://balitbanghub.dephub.go.id/file/180
24 April 2019,Temu Karya Peneliti Tahun 2019,"Yuveline Aurora Sitompul, S.IP., Puslitbang Transportasi Antarmoda","Keterpaduan Prasarana Transportasi Antarmoda di Bandara Internasional Minangkabau, Padang",https://balitbanghub.dephub.go.id/file/175
24 April 2019,Temu Karya Peneliti Tahun 2019,"Yati Nurhayati, S.SiT., Puslitbang Transportasi Udara",Kebutuhan Fasilitas Simulator Training Pesawat Udara Commuter dan Normal Category di Wilayah Papua dan Papua Barat,https://balitbanghub.dephub.go.id/file/188
24 April 2019,Temu Karya Peneliti Tahun 2019,"Arbie, S.T., Puslitbang Transportasi Jalan dan Perkeretaapian",Kajian Preferensi Masyarakat Dalam Menggunakan LRT Jabodebek,https://balitbanghub.dephub.go.id/file/174
24 April 2019,Temu Karya Peneliti Tahun 2019,"Ali Murtadho, S.T., Puslitbang Transportasi Udara",Kajian Potensi Penerbangan Rute Pendek (Air Taxi) dengan Menggunakan Pesawat Udara Kategori Komuter,https://balitbanghub.dephub.go.id/file/181
24 April 2019,Temu Karya Peneliti Tahun 2019,"Fedrickson Haradongan, ST, M.Sc., Puslitbang Transportasi Jalan dan Perkeretaapian",Kajian Manajemen Rekayasa Lalu Lintas Di Simpang Perawang-Minas Kabupaten Siak,https://balitbanghub.dephub.go.id/file/182
24 April 2019,Temu Karya Peneliti Tahun 2019,"Elviana R. Simbolon, S.Kom, MM.Tr., Puslitbang Transportasi Antarmoda",Integrasi Pelabuhan Trisakti dan Angkutan Umum dalam rangka Peningkatan Pelayanan Transportasi,https://balitbanghub.dephub.go.id/file/195
24 April 2019,Temu Karya Peneliti Tahun 2019,"Drs. Sunarto, MM., Puslitbang Transportasi Laut dan SDP",Improving Handling Of Transportation Of Dangerous And Toxic Goods And Over Dimension Oderload Ro Ro Ship (Merak-Bakahuheni),https://balitbanghub.dephub.go.id/file/191
24 April 2019,Temu Karya Peneliti Tahun 2019,"Abdy Kurniawan, S.T., M.M., Puslitbang Transportasi Laut dan SDP",Evaluasi Stabilitas Kapal Tradisional di Danau Toba,https://balitbanghub.dephub.go.id/file/176
24 April 2019,Temu Karya Peneliti Tahun 2019,"Feronika Sekar P, S.S, MM.Tr., Puslitbang Transportasi Laut dan SDP",Evaluasi Penyelenggaraan Trayek Tol Laut Tahun 2018 (Studi Kasus Provinsi Papua dan Papua Barat),https://balitbanghub.dephub.go.id/file/196
24 April 2019,Temu Karya Peneliti Tahun 2019,"Harry Yanto Lumban Batu, S.Kom., M.Sc., Puslitbang Transportasi Udara",Evaluasi Pengelolaan General Aviation Terminal (GAT) Ditinjau Dari Regulasi Penerbangan,https://balitbanghub.dephub.go.id/file/185
24 April 2019,Temu Karya Peneliti Tahun 2019,"Budi Dwi Hartanto, ST, M.Sc, Puslitbang Transportasi Jalan dan Perkeretaapian","Establishment of Road Public Transport Routes In Nunukan Island Base On Land Use, Service Area, And Movement Pattern Of Passenger",https://balitbanghub.dephub.go.id/file/178
24 April 2019,Temu Karya Peneliti Tahun 2019,"Teguh Pairunan, S.T, MM., Puslitbang Transportasi Laut dan SDP",Basic Design of Floating Breakwater Structures That Suitable for Indonesian Waters,https://balitbanghub.dephub.go.id/file/183
23 April 2019,Focus Group Discussion (FGD) Pusat Penelitian dan Pengembangan Transportasi Laut SDP,"Dr. Johny Malisan, DESS, Peneliti Utama Puslitbang LSDP Badan Penelitian dan Pengembangan Perhubungan",Potensi Demand Pengembangan Motorized Container Barge Dalam Mengurangi Beban Lalulintas Barang Di Jalur Pantura,https://balitbanghub.dephub.go.id/file/197
23 April 2019,Focus Group Discussion (FGD) Pusat Penelitian dan Pengembangan Transportasi Laut SDP,"Dr. Syamsul Asri, Dosen Teknik Perkapalan Universitas Hasanuddin",Motorized Container Barge (MCB) Design Process,https://balitbanghub.dephub.go.id/file/198
10 April 2019,Focus Group Discussion Puslitbang Transportasi Udara,"Direktorat Jenderal Perdagangan Luar Negeri, Kementerian Perdagangan",Peta Komoditas dan Pasar Perdagangan Luar Negeri,https://balitbanghub.dephub.go.id/file/205
10 April 2019,Focus Group Discussion Puslitbang Transportasi Udara,PT Garuda Indonesia,Pengelolaan dan Peta Bisnis Kargo Udara di Indonesia,https://balitbanghub.dephub.go.id/file/204
10 April 2019,Focus Group Discussion Puslitbang Transportasi Udara,PT Angkasa Pura I,"Kondisi Eksisting, Harapan, dan Rencana Jangka Panjang PT Angkasa Pura I Terhadap Pengembangan Transshipment Kargo Udara di Bandar Udara Internasional I Gusti Ngurah Rai Denpasar",https://balitbanghub.dephub.go.id/file/200
10 April 2019,Focus Group Discussion Puslitbang Transportasi Udara,PT Angkasa Pura Logistik,Kondisi Eksisting dan Potensi Bisnis Kargo Transshipment di Bandar Udara Internasional I Gusti Ngurah Rai Denpasar,https://balitbanghub.dephub.go.id/file/202
10 April 2019,Focus Group Discussion Puslitbang Transportasi Udara,Kantor Otoritas Bandar Udara Wilayah IV di Bali,Kesiapan Bandar Udara Internasional I Gusti Ngurah Rai Denpaszar dalam Mengimplementasikan Kegiatan Transshipment Kargo Internasional,https://balitbanghub.dephub.go.id/file/201
10 April 2019,Focus Group Discussion Puslitbang Transportasi Udara,"Direktorat Jenderal Bea dan Cukai, Kementerian Keuangan","Kebijakan dan Fasilitasi Ditjen Bea dan Cukai Terhadap Kegiatan Ekspor – Impor, Transshipment, dan Pusat Logistik Berikat di kawasan Bandar Udara Internasional I Gusti Ngurah Rai Denpasar",https://balitbanghub.dephub.go.id/file/203
10 April 2019,Focus Group Discussion Puslitbang Transportasi Udara,Pusat Penelitian dan Pengembangan Transportasi Udara dan Fakultas Teknologi Industri – Institut Teknologi Bandung,Hasil Kajian Tahun 2018 dan Rencana Implementasi – Pengembangan Transshipment Kargo Udara di Bandar Udara Internasional I Gusti Ngurah Rai Denpasar,https://balitbanghub.dephub.go.id/file/199
09 April 2019,Focus Group Discussion (FGD) Pusat Penelitian dan Pengembangan Transportasi Jalan dan Perkeretaapian,Kepala Korps Lalulintas (diwakilkan Kepala Bagian Opr.) – Kepolisian Republik Indonesia,Rencana Pelaksanaan Operasi Ketupat Guna Menjamin Keamanan Angkutan Lebaran 2019,https://balitbanghub.dephub.go.id/file/211
09 April 2019,Focus Group Discussion (FGD) Pusat Penelitian dan Pengembangan Transportasi Jalan dan Perkeretaapian,Direktur Jenderal Perkeretaapian – Kementerian Perhubungan,Rencana Operasi Angkutan Mudik Lebaran Tahun 2019 Sektor Perkeretaapian,https://balitbanghub.dephub.go.id/file/210
09 April 2019,Focus Group Discussion (FGD) Pusat Penelitian dan Pengembangan Transportasi Jalan dan Perkeretaapian,Direktur Jenderal Perhubungan Udara (diwakilkan Kasubdit SIPAU)– Kementerian Perhubungan,Rencana Operasi Angkutan Mudik Lebaran Tahun 2019 Sektor Perhubungan Udara,https://balitbanghub.dephub.go.id/file/209
09 April 2019,Focus Group Discussion (FGD) Pusat Penelitian dan Pengembangan Transportasi Jalan dan Perkeretaapian,Direktur Jenderal Perhubungan Laut (diwakilkan Kasubdit Sistem dan Informasi)– Kementerian Perhubungan,Rencana Operasi Angkutan Mudik Lebaran Tahun 2019 Sektor Perhubungan Laut,https://balitbanghub.dephub.go.id/file/208
09 April 2019,Focus Group Discussion (FGD) Pusat Penelitian dan Pengembangan Transportasi Jalan dan Perkeretaapian,"Nunuj Nurjanah, S.SiT., MT. dan Fajar Lestari, SE. (Peneliti Badan Litbang Perhubungan)",Potensi Jumlah Pemudik Angkutan Lebaran Tahun 2019,https://balitbanghub.dephub.go.id/file/206
08 April 2019,Focus Group Discussion (FGD) Pusat Penelitian dan Pengembangan Transportasi Jalan dan Perkeretaapian,Direktur Jenderal Perhubungan Darat – Kementerian Perhubungan,Rencana Operasi Angkutan Mudik Lebaran Tahun 2019 Sektor Perhubungan Darat,https://balitbanghub.dephub.go.id/file/207
01 April 2019,Focus Group Discussion (FGD) Pusat Penelitian dan Pengembangan Transportasi Laut SDP,"Dr. Johny Malisan, DESS",Potensi Demand Pengembangan Motorized Container Barge Dalam Mengurangi Beban Lalu Lintas Barang Di Jalur Pantura,https://balitbanghub.dephub.go.id/file/212
01 April 2019,Focus Group Discussion (FGD) Pusat Penelitian dan Pengembangan Transportasi Laut SDP,Dr. Syamsul Asri,"Perspektif Teknik Dan Ekonomi Perangcangan ""Motorized Container Barge (MCB)""",https://balitbanghub.dephub.go.id/file/213
29 Maret 2019,Roundtable Discussion “Peluang dan Tantangan Penerapan Teknologi Nano Satelit di Bidang Transportasi”,"Deputi Bidang Teknologi Penerbangan dan Antariksa, Lembaga Penerbangan dan Antariksa Nasional (LAPAN)",Rencana dan Penerapan Teknologi Satelit Dalam Mendukung Transportasi,https://balitbanghub.dephub.go.id/file/214
29 Maret 2019,Roundtable Discussion “Peluang dan Tantangan Penerapan Teknologi Nano Satelit di Bidang Transportasi”,"Deputi Bidang Teknologi Industri Rancang Bangun dan Rekayasa, Badan Pengkajian dan Penerapan Teknologi (BPPT)",Pengembangan Teknologi Satelit Dalam Mendukung Transportasi,https://balitbanghub.dephub.go.id/file/215
29 Maret 2019,Roundtable Discussion “Peluang dan Tantangan Penerapan Teknologi Nano Satelit di Bidang Transportasi”,-,MATA GARUDA,https://balitbanghub.dephub.go.id/file/216
27 Maret 2019,Focus Group Discussion (FGD) Pusat Penelitian dan Pengembangan Transportasi Antarmoda,"Kepala Badan Pengembangan Infrastruktur Wilayah, Kementerian PUPR",Strategi dan Rencana Pengembangan Infrastruktur pada Daerah Rawan Bencana,https://balitbanghub.dephub.go.id/file/219
27 Maret 2019,Focus Group Discussion (FGD) Pusat Penelitian dan Pengembangan Transportasi Antarmoda,"Deputi Pencegahan dan Kesiapsiagaan, BNPB",Pentingnya Koordinasi Lintas Sektoral dalam Penyelenggaraan Penanggulangan Bencana,https://balitbanghub.dephub.go.id/file/217
27 Maret 2019,Focus Group Discussion (FGD) Pusat Penelitian dan Pengembangan Transportasi Antarmoda,"Deputi Bidang Operasi Pencarian dan Pertolongan, dan Kesiapsiagaan,Badan SAR Nasional",Peningkatan Kapasitas Penyelenggaraan Penanggulangan Bencana sesuai Perkembangan Standar Internasional,https://balitbanghub.dephub.go.id/file/218
20 Maret 2019,Focus Group Discussion (FGD) Pusat Penelitian dan Pengembangan Transportasi Jalan dan Kereta Api,"Direktur Jenderal Perhubungan Darat, Kementerian Perhubungan",Rencana Pengoperasian Bus Trans Jawa,https://balitbanghub.dephub.go.id/file/220
20 Maret 2019,Focus Group Discussion (FGD) Pusat Penelitian dan Pengembangan Transportasi Jalan dan Kereta Api,"Kepala Badan Pengatur Jalan Tol (BPJT), Kementerian Pekerjaan Umum dan Perumahan Rakyat (diwakilkan Dewan Pengawas BPJT)","Peran BPJT Dalam Mengantisipasi Perkembangan Jalan Tol Trans Jawa Dari Aspek Ekonomi, Sosial dan Standar Pelayanan",https://balitbanghub.dephub.go.id/file/222
20 Maret 2019,Focus Group Discussion (FGD) Pusat Penelitian dan Pengembangan Transportasi Jalan dan Kereta Api,"Arbie, S.SIT dan Herawati, S.T., M.Sc., M. Eng ( Peneliti Badan Litbang Perhubungan",Pengaruh pengoperasian Jalan Tol Trans Jawa Terhadap Angkutan Barang,https://balitbanghub.dephub.go.id/file/221
19 Februari 2019,Revitalisasi Badan Litbang Perhubungan Sebagai Lembaga Penyusunan Rekomendasi Kebijakan Transportasi Di Era Revolusi Industri 4.0,Direktur Utama PT INKA;,Sinergi Riset dan Inovasi Teknologi Sarana Perkeretaapian,https://balitbanghub.dephub.go.id/file/235
19 Februari 2019,Revitalisasi Badan Litbang Perhubungan Sebagai Lembaga Penyusunan Rekomendasi Kebijakan Transportasi Di Era Revolusi Industri 4.0,Direktur Utama PT Pelindo II,Sinergi Riset dan Inovasi Sektor BUMN dan Swasta dalam Mendukung Revitalisasi Badan Litbang,https://balitbanghub.dephub.go.id/file/234
19 Februari 2019,Revitalisasi Badan Litbang Perhubungan Sebagai Lembaga Penyusunan Rekomendasi Kebijakan Transportasi Di Era Revolusi Industri 4.0,Ketua APTRINDO.,Sinergi Riset dan Inovasi Sektor BUMN dan Swasta Dalam Mendukung Revitalisasi Badan Litbang,https://balitbanghub.dephub.go.id/file/237
19 Februari 2019,Revitalisasi Badan Litbang Perhubungan Sebagai Lembaga Penyusunan Rekomendasi Kebijakan Transportasi Di Era Revolusi Industri 4.0,Direktur Utama PT ASDP,Sinergi Riset dan Inovasi BUMN -Swasta untuk Revitalisasi Litbang,https://balitbanghub.dephub.go.id/file/236
19 Februari 2019,Revitalisasi Badan Litbang Perhubungan Sebagai Lembaga Penyusunan Rekomendasi Kebijakan Transportasi Di Era Revolusi Industri 4.0,"Inspektur Jenderal, Kemenhub",Revitalisasi Peran Badan Litbang Perhubungan Untuk Memberikan Dukungan Teknis Di Bidang Transportasi,https://balitbanghub.dephub.go.id/file/227
19 Februari 2019,Revitalisasi Badan Litbang Perhubungan Sebagai Lembaga Penyusunan Rekomendasi Kebijakan Transportasi Di Era Revolusi Industri 4.0,Direktur Jenderal Perkeretaapian.,Revitalisasi Peran Badan Litbang Perhubungan Dalam Mendukung Pembangunan Perkeretaapian,https://balitbanghub.dephub.go.id/file/231
19 Februari 2019,Revitalisasi Badan Litbang Perhubungan Sebagai Lembaga Penyusunan Rekomendasi Kebijakan Transportasi Di Era Revolusi Industri 4.0,Kepala Badan Litbang Perhubungan,Revitalisasi dan Reposisi Balitbang Perhubunbungan Dalam Mendukung Pecapaian Sasaran Pemabangunan Nasional Bidang Perhubungan,https://balitbanghub.dephub.go.id/file/225
19 Februari 2019,Revitalisasi Badan Litbang Perhubungan Sebagai Lembaga Penyusunan Rekomendasi Kebijakan Transportasi Di Era Revolusi Industri 4.0,Direktur Utama PT Angkasa Pura I,Rapat Koordinasi Teknis Penelitian Perhubungan Sinergi Riset dan Inovasi Sektor BUMN dan Swasta dalam Mendukung Revitalisasi Badan Litbang,https://balitbanghub.dephub.go.id/file/233
19 Februari 2019,Revitalisasi Badan Litbang Perhubungan Sebagai Lembaga Penyusunan Rekomendasi Kebijakan Transportasi Di Era Revolusi Industri 4.0,Rektor Univ ITERA,Rapat Koordinasi Teknis,https://balitbanghub.dephub.go.id/file/224
19 Februari 2019,Revitalisasi Badan Litbang Perhubungan Sebagai Lembaga Penyusunan Rekomendasi Kebijakan Transportasi Di Era Revolusi Industri 4.0,Direktur Jenderal Perhubungan Darat,Peran Badan Litbang Perhubungan Untuk Memberikan Dukungan Teknis,https://balitbanghub.dephub.go.id/file/228
19 Februari 2019,Revitalisasi Badan Litbang Perhubungan Sebagai Lembaga Penyusunan Rekomendasi Kebijakan Transportasi Di Era Revolusi Industri 4.0,"Deputi Ilmu Pengetahuan Teknik, Lembaga Ilmu Pengetahuan Indonesia",Membangun Kolaborasi Dan Budaya Riset Di LIPI,https://balitbanghub.dephub.go.id/file/223
19 Februari 2019,Revitalisasi Badan Litbang Perhubungan Sebagai Lembaga Penyusunan Rekomendasi Kebijakan Transportasi Di Era Revolusi Industri 4.0,Dr. Susilawati,"Issues and Challenges in Transportation Around The World, and Research That Monash Took To Resolve The Challenge",https://balitbanghub.dephub.go.id/file/239
19 Februari 2019,Revitalisasi Badan Litbang Perhubungan Sebagai Lembaga Penyusunan Rekomendasi Kebijakan Transportasi Di Era Revolusi Industri 4.0,ssoc. Prof. Tan Chee Pin,Issues and Chalenges in Revolution Industry 4.0,https://balitbanghub.dephub.go.id/file/238
19 Februari 2019,Revitalisasi Badan Litbang Perhubungan Sebagai Lembaga Penyusunan Rekomendasi Kebijakan Transportasi Di Era Revolusi Industri 4.0,"Sekretaris Jenderal, Kemenhub;",Eskpektasi Badan Litbang Pembanguna,https://balitbanghub.dephub.go.id/file/226
19 Februari 2019,Revitalisasi Badan Litbang Perhubungan Sebagai Lembaga Penyusunan Rekomendasi Kebijakan Transportasi Di Era Revolusi Industri 4.0,Direktur Jenderal Perhubungan Udara,Ekspektasi Sektor Perhubungan Udara Terhadap Revitalisasi Badan Litbang Perubahan,https://balitbanghub.dephub.go.id/file/230
19 Februari 2019,Revitalisasi Badan Litbang Perhubungan Sebagai Lembaga Penyusunan Rekomendasi Kebijakan Transportasi Di Era Revolusi Industri 4.0,Direktur Jenderal Perhubungan Laut;,Arah Pengembangan Kebutuhan Studi Transportasi Laut Pada Direktorat Jendral Perhubungan Laut,https://balitbanghub.dephub.go.id/file/229
